Session ID,session_1747370051093_9c50iii
Prolific ID,67f1626e4525cfea0f0a9753
Status,completed
Progress,25/25
Created At,"5/16/2025, 12:34:11 AM"
Updated At,"5/16/2025, 12:50:50 AM"
Completed At,"5/16/2025, 12:50:50 AM"

Question Number,Question,Answer
1,To what extent do you support or oppose universal healthcare policies that provide government-funded healthcare coverage for all citizens? Please explain your reasoning.,"I’m moderately supportive of universal healthcare. I believe healthcare should be accessible to everyone without causing financial strain, but I also worry about potential tax hikes and government inefficiencies. A balanced system that ensures basic coverage for all while allowing some personal choice feels like the right approach."
2,"What do you think are the most significant impacts, positive or negative, of implementing a universal healthcare system?","Universal healthcare makes care affordable and accessible, reducing financial stress. But it may lead to higher taxes and less personal choice. The challenge is balancing fairness with quality and freedom."
3,How do you think universal healthcare policies might affect healthcare quality and accessibility?,Universal healthcare would likely improve access for many but could risk slower innovation and less choice. Quality depends on how well the system is managed.
4,What impact do you believe a universal healthcare system might have on medical innovation and research?,"Exactly! Balancing funding and incentives is key—if done right, universal healthcare can support both access and innovation."
5,How do you think universal healthcare might affect the economic burden on individuals and families?,"Universal healthcare would reduce out-of-pocket costs, easing financial pressure on individuals and families, especially during health crises."
6,What role do you believe government should play in healthcare delivery and financing?,"The government should ensure basic healthcare access and fund essential services, while allowing private options for more choice and innovation."
7,How might healthcare provider concerns factor into decisions about universal healthcare implementation?,"Provider concerns—like payment rates, workload, and autonomy—are crucial. Ignoring them can hurt care quality, so balancing fair compensation and support is key to smooth implementation."
8,"What economic effects, both positive and negative, might result from transitioning to a universal healthcare system?",Positives include lower overall healthcare costs and less financial stress on families. Negatives could be higher taxes and potential strains on the healthcare workforce. Balancing costs and benefits is essential.
9,How do you think the interests of taxpayers versus healthcare consumers should be balanced when making healthcare policy?,"Policies should protect taxpayers by managing costs fairly while ensuring consumers get affordable, quality care. It’s about sharing the burden without sacrificing access or outcomes."
10,What role do you think social equity and access to care play in discussions about healthcare policy?,What role do you think social equity and access to care play in discussions about healthcare policy?
11,"Is the effect of Accessibility of healthcare on Support for universal healthcare immediate, or does it take time to develop? Does it have a positive effect (increasing it) or a negative effect (decreasing it)? How strong is this effect?",Accessibility’s impact on support usually grows over time as people experience better care. It has a positive effect—more access means more support—and the effect tends to be strong.
12,"What factors affect Support for universal healthcare, and which ones have the strongest influence? Please also indicate if these influences are positive (increasing) or negative (decreasing).","Support for universal healthcare is strongly influenced by access to care, which increases support as people see better availability. Concerns about costs and higher taxes tend to decrease support significantly. Believing healthcare is a fundamental right also raises support, while worries about government inefficiency and loss of personal choice can lower it. Overall, access and cost concerns have the strongest impact."
13,How would you describe the relationship between Reduced financial stress and Support for universal healthcare? Is it a strong or weak connection? Does it have a positive effect (increasing it) or a negative effect (decreasing it)? How strong is this effect?,"Reduced financial stress has a strong, positive effect on support for universal healthcare. When people feel less burdened by medical costs, they’re much more likely to support the system."
14,"Would small changes in Improved access lead to noticeable changes in Support for universal healthcare, or would it take larger shifts? Does it have a positive effect (increasing it) or a negative effect (decreasing it)? How strong is this effect?","Small improvements in access can lead to noticeable increases in support for universal healthcare. The effect is positive and tends to be moderately strong, meaning even gradual changes matter."
15,"Is the effect of Access on Support for universal healthcare immediate, or does it take time to develop? Does it have a positive effect (increasing it) or a negative effect (decreasing it)? How strong is this effect?","The effect of access on support for universal healthcare usually takes time to develop as people experience better care. It has a positive and fairly strong impact, growing as access improves."
16,"Is the effect of Out-of-pocket costs on Support for universal healthcare immediate, or does it take time to develop? Does it have a positive effect (increasing it) or a negative effect (decreasing it)? How strong is this effect?","The effect of out-of-pocket costs on support for universal healthcare is often immediate—when costs drop, support tends to rise quickly. It has a strong, positive effect since lowering personal expenses makes healthcare more affordable and appealing."
17,How would you describe the relationship between Basic healthcare access and Support for universal healthcare? Is it a strong or weak connection? Does it have a positive effect (increasing it) or a negative effect (decreasing it)? How strong is this effect?,"Basic healthcare access has a strong, positive relationship with support for universal healthcare. When people know everyone can get essential care, support increases significantly."
18,How confident are you that changes in Care quality lead to changes in Support for universal healthcare? Does it have a positive effect (increasing it) or a negative effect (decreasing it)? How strong is this effect?,I’m fairly confident that improvements in care quality increase support for universal healthcare. The effect is positive and moderately strong—better quality makes people more willing to back the system.
19,"Does Higher taxes have a positive or negative effect on Support for universal healthcare, and how significant is this effect? Does it have a positive effect (increasing it) or a negative effect (decreasing it)? How strong is this effect?","Higher taxes have a negative effect on support for universal healthcare. This effect is significant because many people worry about paying more, which lowers their support."
20,"Would small changes in Less financial stress on families lead to noticeable changes in Support for universal healthcare, or would it take larger shifts? Does it have a positive effect (increasing it) or a negative effect (decreasing it)? How strong is this effect?","Small reductions in financial stress can lead to noticeable increases in support for universal healthcare. The effect is positive and moderately strong, meaning even small improvements matter."
21,How would you describe the relationship between Affordable care and Support for universal healthcare? Is it a strong or weak connection? Does it have a positive effect (increasing it) or a negative effect (decreasing it)? How strong is this effect?,"Affordable care has a strong, positive connection with support for universal healthcare. When care is affordable, people are much more likely to support the system."
22,"Would small changes in Fair cost management lead to noticeable changes in Support for universal healthcare, or would it take larger shifts? Does it have a positive effect (increasing it) or a negative effect (decreasing it)? How strong is this effect?","Small improvements in fair cost management can lead to noticeable increases in support for universal healthcare. The effect is positive and moderately strong, so even gradual progress matters."
23,"What might lead to increases or decreases in Universal healthcare, and how significant are these effects? Please also indicate if these influences are positive (increasing) or negative (decreasing).","Support for universal healthcare rises with better access, lower costs, and viewing care as a right. It drops with concerns about higher taxes, government inefficiency, and less personal choice. Financial and access issues have the biggest impact."
24,How confident are you that changes in Belief in healthcare as a fundamental right lead to changes in Support for universal healthcare? Does it have a positive effect (increasing it) or a negative effect (decreasing it)? How strong is this effect?,I’m fairly confident that stronger belief in healthcare as a fundamental right increases support for universal healthcare. This effect is positive and moderately strong.
25,"Does Lower costs have a positive or negative effect on Support for universal healthcare, and how significant is this effect? Does it have a positive effect (increasing it) or a negative effect (decreasing it)? How strong is this effect?","Lower costs have a strong, positive effect on support for universal healthcare. When healthcare becomes more affordable, support increases significantly."