Session ID,session_1747365270860_tesipz3
Prolific ID,67f1626e4525cfea0f0a9753
Status,completed
Progress,35/35
Created At,"5/15/2025, 11:14:30 PM"
Updated At,"5/15/2025, 11:54:52 PM"
Completed At,"5/15/2025, 11:54:52 PM"

Question Number,Question,Answer
1,Welcome to the Trace Your Thinking interview system. This platform is designed to capture your thoughts about urban zoning and housing development. Would you like me to guide you through using this system?,Yes
2,"You have two options for answering questions: voice recording or typing. For voice recording, press the microphone button (ðŸŽ¤) or the Space key to start recording. When finished, press the microphone button or Space key again to stop. You can also press ESC to cancel. The system will automatically transcribe and submit your response after recording. Would you like to try voice recording now?",No. I'm cool with typing.
3,"For text input, click the message icon (ðŸ’¬) to switch modes. Type your response in the text box. Press Ctrl+Enter or click the send button (âž¤) to submit. You can press ESC to clear your text. Would you like to try text input now?",yes
4,"You can switch between voice and text modes at any time. In voice mode, the microphone button will show as red when recording is active. During transcription, you'll see 'Transcribing your speech...' and your answer will be automatically submitted once ready. Feel comfortable with the system now?",Yes
5,"As the interview progresses, you'll notice the progress bar at the top of the screen showing your current position. Based on your responses, the system may generate follow-up questions to dive deeper into specific topics. These new questions will be added to your interview flow automatically. This helps us capture your thinking process more thoroughly.",Great!
6,Excellent! We're now ready to begin the interview about urban zoning policies. Take your time with each response and provide as much detail as you'd like. Let's start with our first question.,Nice
7,To what extent do you support or oppose upzoning policies that allow for higher density housing in traditionally single-family neighborhoods? Please explain your reasoning.,I support upzoning in single-family neighborhoods because it creates more affordable housing and better access to jobs and shops. But it should be done carefully to protect neighborhood character and avoid problems like traffic or crowded schools.
8,"What do you think are the most significant impacts, positive or negative, of increasing housing density in residential neighborhoods?","The biggest positive impacts are more affordable housing and better access to services and jobs. It can also make neighborhoods more walkable and support local businesses. On the negative side, it can lead to more traffic, crowded schools, and changes to the neighborhoodâ€™s feel that some people might not like."
9,How do you think upzoning policies might affect housing affordability in urban areas?,"Upzoning can help lower housing costs by allowing more homes to be built, which increases supply. With more options, rent and home prices might become more affordable, especially in busy cities where housing is expensive."
10,What impact do you believe increased housing density might have on neighborhood character and quality of life?,"Increased housing density can change how a neighborhood looks and feels. It might bring more noise, traffic, and crowding, which some people may find stressful. But it can also make the area more lively and convenient with more shops and services nearby. The key is to manage these changes so the neighborhood stays a good place to live."
11,How do you think upzoning might affect transportation systems and traffic congestion in cities?,"Upzoning can lead to more people living in one area, which might increase traffic and put more pressure on roads and public transit. But if done well, with good planning and better transit options, it can also reduce the need for long car trips and make it easier to walk or bike."
12,What role do you believe local government should play in regulating housing development and density?,"Local government should guide where and how housing is built to meet the communityâ€™s needs. They need to ensure new homes donâ€™t cause problems like overcrowded schools or traffic and should support affordable housing options. Also, they should involve the community in decisions to keep neighborhoods strong and welcoming."
13,How might environmental concerns factor into decisions about urban density and zoning?,"Environmental concerns matter in zoning because dense housing can reduce sprawl and encourage walking or transit, which helps the planet. But itâ€™s important to protect green spaces and control pollution while planning growth."
14,"What economic effects, both positive and negative, might result from changing zoning laws to allow more multi-family housing?","Allowing more multi-family housing can boost the local economy by creating jobs in construction and bringing more customers to nearby businesses. It can also make housing more affordable. On the downside, it might raise costs for infrastructure like roads and schools, and some property values could be affected."
15,How do you think the interests of current residents versus future residents should be balanced when making zoning decisions?,"Zoning should balance current residentsâ€™ needs with future housing growth, protecting neighborhoods while allowing new people to move in."
16,What role do you think social equity and access to opportunity play in discussions about zoning and housing policy?,Social equity matters in zoning because everyone should have fair access to affordable housing near good schools and jobs. Policies should help make neighborhoods welcoming and fair for all.
17,How confident are you that changes in Affordable housing lead to changes in Support for Upzoning? Does it have a positive effect (increasing it) or a negative effect (decreasing it)? How strong is this effect?,"Iâ€™m pretty confident that more affordable housing tends to increase support for upzoning. When people see that upzoning helps lower rents and creates more options, theyâ€™re more likely to support it. The effect is fairly strong, especially for those struggling with housing costs."
18,"What do you think are the main causes of Support for Upzoning, and how certain are you about these relationships? Please also indicate if these influences are positive (increasing) or negative (decreasing).","People support upzoning mainly because it can create more affordable housing and housing choices. However, concerns about traffic, crowding, and changes to neighborhood character can lower support. Iâ€™m fairly confident these factors shape opinions, though views can vary by person and place."
19,How confident are you that changes in Crowded schools lead to changes in Support for Upzoning? Does it have a positive effect (increasing it) or a negative effect (decreasing it)? How strong is this effect?,"Iâ€™m fairly confident that concerns about crowded schools decrease support for upzoning. When people worry that more housing will strain schools, they tend to oppose it more. The effect is moderate but important in many communities."
20,"Would small changes in Access to services and jobs lead to noticeable changes in Support for Upzoning, or would it take larger shifts? Does it have a positive effect (increasing it) or a negative effect (decreasing it)? How strong is this effect?","Small improvements in access to services and jobs can increase support for upzoning, but bigger changes have a stronger impact. Overall, better access has a positive effect on support, encouraging more people to favor upzoning"
21,"Does Increased Housing Supply have a positive or negative effect on Support for Upzoning, and how significant is this effect? Does it have a positive effect (increasing it) or a negative effect (decreasing it)? How strong is this effect?","Increased housing supply has a positive effect on support for upzoning. When more homes become available, people are more likely to support it. This effect is strong because supply directly helps with affordability and housing options."
22,How would you describe the relationship between Noise and Support for Upzoning? Is it a strong or weak connection? Does it have a positive effect (increasing it) or a negative effect (decreasing it)? How strong is this effect?,Noise usually has a negative effect on support for upzoning. People worried about more noise tend to oppose it more. The connection is moderate because noise matters but is not the strongest factor compared to things like housing costs or traffic.
23,"Would small changes in Traffic congestion lead to noticeable changes in Support for Upzoning, or would it take larger shifts? Does it have a positive effect (increasing it) or a negative effect (decreasing it)? How strong is this effect?","Small changes in traffic congestion can decrease support for upzoning, but larger increases have a bigger impact. Overall, more traffic has a negative effect on support, as people worry about longer travel times and crowded roads."
24,"Is the effect of Preventing negative impacts on Support for Upzoning immediate, or does it take time to develop? Does it have a positive effect (increasing it) or a negative effect (decreasing it)? How strong is this effect?","Preventing negative impacts usually has an immediate positive effect on support for upzoning. When people see problems are being avoided, they are more likely to support it. This effect is fairly strong because it builds trust and reduces fears."
25,"Does Urban density have a positive or negative effect on Support for Upzoning, and how significant is this effect? Does it have a positive effect (increasing it) or a negative effect (decreasing it)? How strong is this effect?",Urban density generally boosts support for upzoning. People in already dense areas are more open to it. The effect is pretty strong but other factors like traffic can still affect views.
26,"Does Increased business revenue have a positive or negative effect on Support for Upzoning, and how significant is this effect? Does it have a positive effect (increasing it) or a negative effect (decreasing it)? How strong is this effect?","Increased business revenue has a positive effect on support for upzoning. When local shops do better, people see benefits from more neighbors nearby. The effect is moderate because it helps but it is not the biggest factor for most people."
27,"Is the effect of Neighborhood protection on Support for Upzoning immediate, or does it take time to develop? Does it have a positive effect (increasing it) or a negative effect (decreasing it)? How strong is this effect?","Neighborhood protection usually has an immediate positive effect on support for upzoning. When people feel their neighborhood is being cared for, theyâ€™re more likely to support new development. This effect is pretty strong because it builds trust and reduces worries."
28,"Does Access to Affordable Housing have a positive or negative effect on Support for Upzoning, and how significant is this effect? Does it have a positive effect (increasing it) or a negative effect (decreasing it)? How strong is this effect?","Access to affordable housing has a positive effect on support for upzoning. When people see more affordable options, they tend to support it more. This effect is strong because affordable housing is a major concern for many."
29,"What factors affect Crowded schools, and which ones have the strongest influence? Please also indicate if these influences are positive (increasing) or negative (decreasing).","Crowded schools are mainly caused by new families moving in and high birth rates. More kids mean more crowding, which lowers support for upzoning. Building new schools or better funding helps reduce crowding and can increase support. The biggest factor is new families, with a negative effect on upzoning support."
30,How would you describe the relationship between Traffic concerns and Support for Upzoning? Is it a strong or weak connection? Does it have a positive effect (increasing it) or a negative effect (decreasing it)? How strong is this effect?,"Traffic concerns have a negative effect on support for upzoning. When people worry about more traffic, they tend to oppose it. The connection is fairly strong because traffic impacts daily life and can shape opinions a lot."
31,How would you describe the relationship between Changes to neighborhood character and Support for Upzoning? Is it a strong or weak connection? Does it have a positive effect (increasing it) or a negative effect (decreasing it)? How strong is this effect?,Changes to neighborhood character usually hurt support for upzoning. People often resist when they feel their neighborhoodâ€™s vibe is changing too much. This connection is pretty strong since many value keeping the areaâ€™s feel and look.
32,How would you describe the relationship between Positive effect and Support for Upzoning? Is it a strong or weak connection? Does it have a positive effect (increasing it) or a negative effect (decreasing it)? How strong is this effect?,"Positive effects have a strong positive impact on support for upzoning. When people see clear benefits like more housing or better local businesses, theyâ€™re more likely to support it. This connection is usually strong because good outcomes matter a lot."
33,How confident are you that changes in Traffic lead to changes in Support for Upzoning? Does it have a positive effect (increasing it) or a negative effect (decreasing it)? How strong is this effect?,"Iâ€™m pretty confident that changes in traffic affect support for upzoning. More traffic usually lowers support, so it has a negative effect. The impact is fairly strong since traffic affects everyday life a lot."
34,"Would small changes in Housing costs lead to noticeable changes in Support for Upzoning, or would it take larger shifts? Does it have a positive effect (increasing it) or a negative effect (decreasing it)? How strong is this effect?","It would take bigger changes in housing costs to really shift support for upzoning. When housing gets more affordable, support goes up, so the effect is positive. The impact is moderateâ€”small changes donâ€™t move opinions much."
35,"Is the effect of Immediate positive effect on Support for Upzoning immediate, or does it take time to develop? Does it have a positive effect (increasing it) or a negative effect (decreasing it)? How strong is this effect?","Immediate positive effects have an instant positive impact on support for upzoning. When people see quick benefits, theyâ€™re more likely to support it right away. This effect is usually strong because fast results build trust."