Session ID,session_1747320193973_2sygg9t
Prolific ID,666e57a593be89c7850addc2
Status,completed
Progress,34/34
Created At,"5/15/2025, 10:43:13 AM"
Updated At,"5/15/2025, 11:22:58 AM"
Completed At,"5/15/2025, 11:22:58 AM"

Question Number,Question,Answer
1,Welcome to the Trace Your Thinking interview system. This platform is designed to capture your thoughts about urban zoning and housing development. Would you like me to guide you through using this system?,Yes I'm ready
2,"You have two options for answering questions: voice recording or typing. For voice recording, press the microphone button (üé§) or the Space key to start recording. When finished, press the microphone button or Space key again to stop. You can also press ESC to cancel. The system will automatically transcribe and submit your response after recording. Would you like to try voice recording now?",I will prefer the text
3,"For text input, click the message icon (üí¨) to switch modes. Type your response in the text box. Press Ctrl+Enter or click the send button (‚û§) to submit. You can press ESC to clear your text. Would you like to try text input now?",Yes
4,"You can switch between voice and text modes at any time. In voice mode, the microphone button will show as red when recording is active. During transcription, you'll see 'Transcribing your speech...' and your answer will be automatically submitted once ready. Feel comfortable with the system now?",Yes I am ready
5,"As the interview progresses, you'll notice the progress bar at the top of the screen showing your current position. Based on your responses, the system may generate follow-up questions to dive deeper into specific topics. These new questions will be added to your interview flow automatically. This helps us capture your thinking process more thoroughly.",Yes let's go one you are ready
6,Excellent! We're now ready to begin the interview about urban zoning policies. Take your time with each response and provide as much detail as you'd like. Let's start with our first question.,Yes let's go
7,To what extent do you support or oppose upzoning policies that allow for higher density housing in traditionally single-family neighborhoods? Please explain your reasoning.,"I mostly support upzoning‚Äîit can help with the housing shortage and make cities more affordable. But it needs to be done right. If it's rushed or poorly planned, it can mess with neighborhoods and not actually help lower-income folks. So yeah, good idea if it's done carefully"
8,"What do you think are the most significant impacts, positive or negative, of increasing housing density in residential neighborhoods?","I think the biggest positive impact is more housing options especially in places where rent is crazy high. It can also make neighborhoods more walkable and support local businesses.
On the flip side, a big negative is that it can put pressure on things like parking, schools, and traffic if cities don‚Äôt plan for that stuff. Also, some people worry it‚Äôll change the ""feel"" of their neighborhood too much."
9,How do you think upzoning policies might affect housing affordability in urban areas?,"I think upzoning can help with affordability in theory more housing means less competition, so prices might go down or at least not rise as fast.

But it kinda depends on what gets built. If it‚Äôs all high-end condos, it might not help much. For it to really improve affordability, cities need to include rules for affordable units or support mixed-income housing. Otherwise, it could just lead to more expensive places in new shapes."
10,What impact do you believe increased housing density might have on neighborhood character and quality of life?,"It could go both ways, honestly. More density might make a neighborhood feel more lively and bring in new shops, transit, stuff like that. That can be great for quality of life.

But it might also change the vibe like more noise, less parking, taller buildings where there used to be small houses. Some folks might feel like it‚Äôs not the same ‚Äúhomey‚Äù place anymore. So yeah, depends a lot on how it‚Äôs done."
11,How do you think upzoning might affect transportation systems and traffic congestion in cities?,"Upzoning could actually help with transportation if cities plan it well. Like, more people living close to work or near transit can mean less car use and more biking, walking, or public transport.
But if the area doesn‚Äôt have good transit options, it could just lead to more cars and more traffic. So yeah, it really depends on whether cities upgrade transit alongside the zoning changes. Otherwise, things could get kinda messy."
12,What role do you believe local government should play in regulating housing development and density?,"I think local government def should have a big role they know the area best and can plan for what the community actually needs.
They should set clear rules for things like density, affordability, and infrastructure, but also make sure they're listening to residents, not just developers. Balance is key‚Äîtoo much control can slow things down, but no rules at all can lead to chaos."
13,How might environmental concerns factor into decisions about urban density and zoning?,"Environmental stuff‚Äôs actually a huge part of this. Higher density can be good for the planet less sprawl means more green space stays untouched, and people might drive less if they live closer to work or transit.
But if cities don‚Äôt plan well like not enough parks or poor waste systems it can hurt air quality or just make the area feel crowded and gross. So yeah, zoning should def consider sustainability, not just how many buildings can fit."
14,"What economic effects, both positive and negative, might result from changing zoning laws to allow more multi-family housing?","Economically, there‚Äôs a lot that could happen. On the positive side, more multi-family housing can boost local economies construction jobs, more customers for local shops, maybe even lower housing costs over time."
15,How do you think the interests of current residents versus future residents should be balanced when making zoning decisions?,"I think it‚Äôs important to respect current residents‚Äô concerns since they live there day-to-day, but at the same time, cities gotta plan for future growth and needs too.
Ideally, zoning decisions should try to find a middle ground like involving the community in planning, being transparent about changes, and making sure new developments don‚Äôt totally disrupt people‚Äôs lives. Both groups deserve a say, honestly."
16,What role do you think social equity and access to opportunity play in discussions about zoning and housing policy?,"If zoning just favors wealthier areas or excludes affordable housing, it can reinforce inequality and segregation. So, making sure everyone has access to safe, affordable housing close to opportunity should be a major goal in these discussions."
17,"Is the effect of Housing shortage on Support for Upzoning immediate, or does it take time to develop? Does it have a positive effect (increasing it) or a negative effect (decreasing it)? How strong is this effect?","Generally, housing shortages tend to increase support for upzoning since folks realize more housing is needed. But the strength of that effect can vary some people might still resist because of neighborhood concerns.
So yeah, it‚Äôs a positive effect, but not always super strong or immediate."
18,"What might lead to increases or decreases in Support for Upzoning, and how significant are these effects? Please also indicate if these influences are positive (increasing) or negative (decreasing).","People usually support upzoning more when housing gets expensive or hard to find. It helps if there‚Äôs clear benefits like better transit or affordable units. But if folks worry about traffic, noise, or losing their neighborhood feel, support drops. Also, mistrust in developers can hurt support. So yeah, these things can really push people either way depending on how it‚Äôs handled."
19,"Does Affordable housing have a positive or negative effect on Support for Upzoning, and how significant is this effect? Does it have a positive effect (increasing it) or a negative effect (decreasing it)? How strong is this effect?","Affordable housing usually has a positive effect on support for upzoning it tends to increase support. When people see that new developments include affordable options, they‚Äôre more likely to back upzoning because it feels fairer and actually helps those in need.
As for how strong the effect is, it can be pretty significant, especially in areas struggling with high rents or displacement. But if affordable housing isn‚Äôt part of the plan, support often drops."
20,"Would small changes in Housing Affordability lead to noticeable changes in Support for Upzoning, or would it take larger shifts? Does it have a positive effect (increasing it) or a negative effect (decreasing it)? How strong is this effect?","Small changes in housing affordability usually don‚Äôt cause a huge shift in support for upzoning people tend to react more to bigger, noticeable changes. So it takes larger shifts in affordability to really move the needle.
And yeah, better affordability has a positive effect increasing support. But the effect is kinda moderate unless the change is big enough for folks to actually feel the difference in their wallets."
21,How would you describe the relationship between Livelier atmosphere and Support for Upzoning? Is it a strong or weak connection? Does it have a positive effect (increasing it) or a negative effect (decreasing it)? How strong is this effect?,"People who like a livelier atmosphere usually see upzoning more positively, so it has a positive effect increasing support. If adding more housing means more shops, cafes, and activity, folks tend to be on board.
That said, the connection is kinda moderate it helps, but it‚Äôs not the biggest factor compared to stuff like affordability or neighborhood concerns."
22,"Does Traffic congestion have a positive or negative effect on Support for Upzoning, and how significant is this effect? Does it have a positive effect (increasing it) or a negative effect (decreasing it)? How strong is this effect?","Traffic congestion usually has a negative effect on support for upzoning it tends to decrease it. When people worry that upzoning will make traffic worse, they often push back.
The effect can be pretty strong in places where traffic is already bad because folks don‚Äôt want things to get worse. So yeah, traffic worries are a big deal and can seriously lower support if not addressed."
23,How confident are you that changes in Living close to work lead to changes in Support for Upzoning? Does it have a positive effect (increasing it) or a negative effect (decreasing it)? How strong is this effect?,"I‚Äôd say I‚Äôm pretty confident that living close to work has a positive effect on support for upzoning it usually increases it. People like the idea of shorter commutes, so if upzoning means more housing near jobs, that‚Äôs a big plus.
The effect is generally moderate to strong, especially in cities where traffic and commute times are a pain. So yeah, it‚Äôs a solid factor that tends to boost support."
24,How would you describe the relationship between Community needs and Support for Upzoning? Is it a strong or weak connection? Does it have a positive effect (increasing it) or a negative effect (decreasing it)? How strong is this effect?,"Community needs usually have a positive effect on support for upzoning when people feel their neighborhood actually needs more housing or services, they‚Äôre more likely to support it.
The connection can be pretty strong because if the community‚Äôs involved and sees real benefits, support goes up. But if those needs aren‚Äôt clear or ignored, support can drop."
25,"Does Environmental sustainability have a positive or negative effect on Support for Upzoning, and how significant is this effect? Does it have a positive effect (increasing it) or a negative effect (decreasing it)? How strong is this effect?","Environmental sustainability generally has a positive effect on support for upzoning it tends to increase it. When people know upzoning can reduce sprawl and encourage greener living, they‚Äôre more likely to back it.
That said, the effect is usually moderate it‚Äôs important, but often not the main reason people support or oppose upzoning. So, it helps, but other factors like affordability or neighborhood impact usually weigh heavier."
26,"Does Local Shops have a positive or negative effect on Support for Upzoning, and how significant is this effect? Does it have a positive effect (increasing it) or a negative effect (decreasing it)? How strong is this effect?","Local shops usually have a positive effect on support for upzoning they tend to increase it. People like the idea of more shops and amenities close by, which makes neighborhoods more convenient and lively.
The effect is generally moderate it‚Äôs a nice bonus that can sway some folks, but probably not a huge dealbreaker compared to things like affordability or traffic."
27,How confident are you that changes in Balance between development and quality of life lead to changes in Support for Upzoning? Does it have a positive effect (increasing it) or a negative effect (decreasing it)? How strong is this effect?,"I‚Äôm pretty confident that the balance between development and quality of life has a big effect on support for upzoning. If people feel new developments don‚Äôt harm their quality of life like too much noise, crowding, or loss of green space support goes up.
But if folks think development ruins what they like about their neighborhood, support drops (negative effect). So yeah, this effect is usually strong because it hits right at how people feel day-to-day."
28,"Would small changes in Social Equity lead to noticeable changes in Support for Upzoning, or would it take larger shifts? Does it have a positive effect (increasing it) or a negative effect (decreasing it)? How strong is this effect?","Small changes in social equity usually don‚Äôt cause big shifts in support for upzoning it generally takes larger, more noticeable improvements to really move people‚Äôs opinions.
Social equity has a positive effect it increases support but the effect tends to be moderate unless the changes are meaningful enough to be seen and felt in the community."
29,How confident are you that changes in Access to Opportunity lead to changes in Support for Upzoning? Does it have a positive effect (increasing it) or a negative effect (decreasing it)? How strong is this effect?,"I‚Äôm pretty confident that better access to opportunity has a positive effect on support for upzoning. When people see that new housing means easier access to jobs, schools, and services, they‚Äôre more likely to support it. The effect is usually moderate to strong because access to opportunity really matters for quality of life, so it can sway opinions quite a bit."
30,How confident are you that changes in Segregation lead to changes in Support for Upzoning? Does it have a positive effect (increasing it) or a negative effect (decreasing it)? How strong is this effect?,"Changes in segregation usually have a negative effect on support for upzoning so increased segregation tends to decrease support. I‚Äôm moderately confident about this because when upzoning is seen as a way to reduce segregation and promote diversity, support goes up. But if people think it‚Äôll make segregation worse or push certain groups out, support drops."
31,"What do you think are the main causes of Increased housing options, and how certain are you about these relationships? Please also indicate if these influences are positive (increasing) or negative (decreasing).","The main causes of increased housing options are stuff like upzoning policies, demand from growing populations, and investment from developers. All of these have a positive effect they increase housing options."
32,How would you describe the relationship between Affordable Units and Support for Upzoning? Is it a strong or weak connection? Does it have a positive effect (increasing it) or a negative effect (decreasing it)? How strong is this effect?,"Affordable units usually have a strong positive effect on support for upzoning. When people know that new developments include affordable housing, they‚Äôre much more likely to back the idea.
So yeah, the connection is strong because affordable units make upzoning seem fairer and actually helpful, not just about more buildings."
33,"Would small changes in Neighborhood character lead to noticeable changes in Support for Upzoning, or would it take larger shifts? Does it have a positive effect (increasing it) or a negative effect (decreasing it)? How strong is this effect?","Small changes in neighborhood character usually cause a negative effect they tend to decrease support for upzoning, but only if those changes are pretty noticeable. It usually takes larger shifts like big changes in building style or densityto really push people against upzoning. So the effect is moderate; people might tolerate small changes, but bigger ones can definitely lower support."
34,How confident are you that changes in Positive Effect lead to changes in Support for Upzoning? Does it have a positive effect (increasing it) or a negative effect (decreasing it)? How strong is this effect?,"Hmm, I‚Äôm guessing by ‚Äúchanges in Positive Effect‚Äù you mean how positive impacts influence support for upzoning? If so, then yeah positive effects like better affordability, more amenities, or improved transit usually have a positive effect on support.
I‚Äôm pretty confident about this since good benefits tend to boost support. The strength of this effect is usually strong because when people see clear positives, they‚Äôre way more likely to be on board."