Session ID,session_1746684316772_sgxrehi
Prolific ID,67ed3280aae4475179b9b3d6
Status,completed
Progress,36/36
Created At,"5/8/2025, 2:05:16 AM"
Updated At,"5/8/2025, 3:15:10 AM"
Completed At,"5/8/2025, 3:15:10 AM"

Question Number,Question,Answer
1,Welcome to the Trace Your Thinking interview system. This platform is designed to capture your thoughts about urban zoning and housing development. Would you like me to guide you through using this system?,yes kindly guide me
2,"You have two options for answering questions: voice recording or typing. For voice recording, press the microphone button (ðŸŽ¤) or the Space key to start recording. When finished, press the microphone button or Space key again to stop. You can also press ESC to cancel. The system will automatically transcribe and submit your response after recording. Would you like to try voice recording now?",i prefer typing
3,"For text input, click the message icon (ðŸ’¬) to switch modes. Type your response in the text box. Press Ctrl+Enter or click the send button (âž¤) to submit. You can press ESC to clear your text. Would you like to try text input now?",yes i would like
4,"You can switch between voice and text modes at any time. In voice mode, the microphone button will show as red when recording is active. During transcription, you'll see 'Transcribing your speech...' and your answer will be automatically submitted once ready. Feel comfortable with the system now?","According to meUrban zoning is a planning tool that divides a city into districts with specific regulations for land use, building density, and form, aiming to organize development and prevent incompatible uses from conflicting. Housing development is directly shaped by these zoning regulations, which dictate the types, sizes, and locations of permissible residential buildings, influencing housing supply and affordability."
5,"As the interview progresses, you'll notice the progress bar at the top of the screen showing your current position. Based on your responses, the system may generate follow-up questions to dive deeper into specific topics. These new questions will be added to your interview flow automatically. This helps us capture your thinking process more thoroughly.",okay
6,Excellent! We're now ready to begin the interview about urban zoning policies. Take your time with each response and provide as much detail as you'd like. Let's start with our first question.,okay
7,To what extent do you support or oppose upzoning policies that allow for higher density housing in traditionally single-family neighborhoods? Please explain your reasoning.,"Upzoning policies for higher density in single-family areas are generally beneficial for increasing housing affordability and making more efficient use of land in growing urban centers like Embu. This approach can also curb sprawl, enhance walkability, and diversify housing options. Careful planning is crucial to address infrastructure needs and neighborhood character while mitigating potential displacement."
8,"What do you think are the most significant impacts, positive or negative, of increasing housing density in residential neighborhoods?","The most significant impacts of increasing housing density in residential neighborhoods are multifaceted, presenting both potential positives and negatives.
On the positive side, increased density can lead to greater housing affordability by increasing supply, more efficient use of land and existing infrastructure, reduced urban sprawl, and the potential for more vibrant, walkable neighborhoods with better access to services and public transport, which could be particularly beneficial in a growing urban center like San Francisco City.
Conversely, potential negative impacts can include increased traffic congestion, strain on existing infrastructure (water, sewage, power), changes to neighborhood character and potential loss of green spaces, increased noise and reduced privacy for some residents, and, if not managed carefully with appropriate policies, the risk of displacement of lower-income households due to rising land values."
9,How do you think upzoning policies might affect housing affordability in urban areas?,"Upzoning aims to boost housing supply in urban areas like San Francisco City., which can help lower housing costs through increased competition. The impact depends on the extent of upzoning and overall market dynamics. These policies often need to be coupled with inclusionary zoning and anti-displacement measures for significant affordability gains. Strategic upzoning can lead to a broader range of housing options at different price points. However, the actual effect on affordability requires careful implementation and consideration of local economic conditions."
10,What impact do you believe increased housing density might have on neighborhood character and quality of life?,"Increasing housing density can bring positive and negative shifts to neighborhood character and quality of life. Positively, it could foster more vibrant, walkable communities with diverse amenities and stronger social connections due to increased interaction. Negatively, it could lead to increased traffic, strain infrastructure, alter the visual feel of a neighborhood, and raise concerns about overcrowding and loss of green space. The specific impacts depend heavily on how the increased density is planned and managed"
11,How do you think upzoning might affect transportation systems and traffic congestion in cities?,"Ore housing near transit lines makes total sense. Building more apartments and townhouses close to BART, Muni, and bus routes will likely see more people ditching their cars and hopping on public transit. This could alleviate some of the gridlock we constantly face, especially during rush hour. Plus, it could make neighborhoods more walkable and bikeable, further reducing car dependence.
However, I am also realistic about San Francisco. Just because you build more housing near transit does not automatically mean everyone will stop driving. Many new developments have increased, and traffic still feels as bad as ever. There is a real risk that upzoning, especially if it is not carefully planned, could add more people to the same congested streets and already overcrowded buses and trains. Unless we seriously invest in and improve our public transportation infrastructure at the same time as we upzone, we might end up with even more crowded commutes and the same old traffic headaches."
12,What role do you believe local government should play in regulating housing development and density?,"As a San Francisco resident, I find that our local government is crucial in regulating housing development and density. They need to strategically plan where and how we build to address our housing crisis while protecting neighborhood character and ensuring adequate infrastructure like public transit and utilities can handle increased density."
13,How might environmental concerns factor into decisions about urban density and zoning?,"Environmental concerns are paramount in San Francisco's urban density and zoning decisions. Higher density, especially near transit, can reduce reliance on cars, lowering carbon emissions and air pollution, aligning with the city's climate goals.
However, San Francisco must also address the environmental impacts of increased density, such as managing stormwater runoff, preserving open spaces for biodiversity and recreation, and ensuring energy-efficient building practices to minimize the city's ecological footprint as it grows."
14,"What economic effects, both positive and negative, might result from changing zoning laws to allow more multi-family housing?","As a San Franciscan, I see one significant positive economic impact of allowing more multi-family housing as increased housing supply, which, in theory, could moderate our sky-high rents and home prices, making the city more accessible to a broader range of incomes and potentially boosting local spending as residents have more disposable income.
On the negative side, increased density could strain existing infrastructure, such as our already crowded public transit and aging water/sewer systems, without careful planning, potentially requiring costly upgrades that could burden taxpayers and businesses."
15,How do you think the interests of current residents versus future residents should be balanced when making zoning decisions?,"As a San Franciscan, I see one significant positive economic impact of allowing more multi-family housing as increased housing supply, which, in theory, could moderate our sky-high rents and home prices, making the city more accessible to a broader range of incomes and potentially boosting local spending as residents have more disposable income.
On the negative side, increased density could strain existing infrastructure, such as our already crowded public transit and aging water/sewer systems, without careful planning, potentially requiring costly upgrades that could burden taxpayers and businesses."
16,What role do you think social equity and access to opportunity play in discussions about zoning and housing policy?,"Social equity demands zoning that creates diverse, affordable housing options in all neighborhoods, ensuring everyone has access to good schools, jobs, and essential services throughout San Francisco regardless of income or background."
17,"Thank you for sharing your perspectives. As we conclude, is there anything else about urban zoning policies and housing development that you'd like to add?",Community engagement and addressing displacement concerns are paramount when discussing zoning and housing development. Any policy changes need to involve residents genuinely and include robust protections for vulnerable populations to prevent further exacerbating existing inequalities in our city.
18,You've said that upzoning_policies affects housing_affordability. Do you think there might be some intermediate factors between them?,"There are intermediate factors between simply changing zoning laws (upzoning) and significantly impacting housing affordability. It is not a direct cause-and-effect in our complex city.
For example, developer incentives and the overall economic climate play a huge role. Even if we allow more units, developers might focus on building high-end condos if that is where the profit is, and if the economy tanks, they might not build much at all. Additionally, the time lag is crucial; it takes years for new projects to get approved and built, so we might not see affordability changes immediately. Finally, community resistance and NIMBYism can slow down or even block upzoning efforts in many neighborhoods, limiting the overall impact on the city's housing supply."
19,How would you describe land_efficiency in your own words?,Is the optimal utilization of land resources to maximize productivity and minimize waste.
20,Could you tell me more about careful_planning?,"Careful planning in the context of urban zoning and housing development refers to a deliberate, thoughtful, and strategic process undertaken by the local government and relevant stakeholders"
21,How would you describe land_use_efficiency in your own words?,"Land-use efficiency is about maximizing the benefits derived from a given area of land with minimal waste or negative consequences, ensuring it serves its intended purpose effectively for the community and environment."
22,,pardon
23,,its blank
24,,hello
25,What comes to mind when you think about land_efficiency?,Is the optimal utilization of land resources to maximize productivity and minimize waste.
26,Is careful_planning a significant factor in your thinking about this issue?,yes it is
27,,it helps me make sure that everything is in order
28,,we shoulb be good planners
29,,"A thoughtful and strategic approach by the local government and community is needed to guide how the city grows and develops, considering all factors like housing, infrastructure, environment, and the well-being of its residents sustainably and equitably."
30,,good
31,,can you rate my thinking
32,,?
33,What factors do you think influence land_use_efficiency?,"Factors like:
1. Population Density and Growth
2. Economic Activities
3. Infrastructure
4. Zoning Regulations and Land-Use Planning
5. Land Ownership Patterns
6. Environmental Considerations
7. Technological Advancements
8. Cultural and Social Norms
9. Market Forces
10. Government Policies and Incentives"
34,What else do you consider when thinking about this issue?,Agricultural Practices
35,What other factors do you think are important in this issue?,Informal Settlements and Urban Planning
36,Are there any aspects we haven't discussed that influence your thinking on this topic?,No i think we have discussed all of them