Session ID,session_1747332378490_utjwnmf
Prolific ID,558acd52fdf99b65685f03d9
Status,completed
Progress,26/26
Created At,"5/15/2025, 2:06:18 PM"
Updated At,"5/15/2025, 2:27:04 PM"
Completed At,"5/15/2025, 2:27:04 PM"

Question Number,Question,Answer
1,To what extent do you support or oppose universal healthcare policies that provide government-funded healthcare coverage for all citizens? Please explain your reasoning.,I support it. I think it would be good if everyone was covered in that way.
2,"What do you think are the most significant impacts, positive or negative, of implementing a universal healthcare system?","For positive significant impacts, it would be everyone being covered as far as healthcare is concerned. And for negative impacts, I think it would be an increased cost overall when it comes to people paying their taxes and supporting something like that."
3,How do you think universal healthcare policies might affect healthcare quality and accessibility?,I don't think it would change it at all. I think everything will stay the same and people will get the same type of treatment as they got before.
4,What impact do you believe a universal healthcare system might have on medical innovation and research?,I don't really see a connection between universal healthcare system and innovation and research.
5,How do you think universal healthcare might affect the economic burden on individuals and families?,I think a universal healthcare system would make things more affordable for individuals and families and it would lessen the economic burden on them.
6,What role do you believe government should play in healthcare delivery and financing?,I think government should regulate everything and make sure things go smoothly. I think really that's the main role government should play when it comes to that.
7,How might healthcare provider concerns factor into decisions about universal healthcare implementation?,"I think when it comes to healthcare provider concerns, everyone should be aware that people may be scared and unsure if they'll be taken care of properly. So just making sure everyone is getting adequate care, that would be something to keep in mind."
8,"What economic effects, both positive and negative, might result from transitioning to a universal healthcare system?","It would help people who can't afford regular health care. It would help them to get the care they need, but it could also be a burden for the ones who are covering that with their taxes."
9,How do you think the interests of taxpayers versus healthcare consumers should be balanced when making healthcare policy?,I think it should be evenly balanced. I think the concerns of both parties should be taken into consideration in a serious manner because the interests of both do matter and that should be shown.
10,What role do you think social equity and access to care play in discussions about healthcare policy?,"When it comes to that, everyone should be treated fairly. We all need health care, and there definitely should be social equity involved."
11,"Would small changes in Coverage for all citizens lead to noticeable changes in Support for universal healthcare, or would it take larger shifts? Does it have a positive effect (increasing it) or a negative effect (decreasing it)? How strong is this effect?","No, I think it would take a big change to notice changes in support, and I think that change would be positive in a fairly strong way."
12,"What do you think are the main causes of Support for universal healthcare, and how certain are you about these relationships? Please also indicate if these influences are positive (increasing) or negative (decreasing).","I think the main causes of support for universal health care would be people seeing how it affects them personally. And if it's affecting them personally in a positive way, then it'll be a positive thing. And I'm 100% certain about that relationship."
13,How would you describe the relationship between Increased tax burden and Support for universal healthcare? Is it a strong or weak connection? Does it have a positive effect (increasing it) or a negative effect (decreasing it)? How strong is this effect?,"I think for the ones who can afford the tax burden, they would probably be somewhat supportive of universal health care. But if people are struggling and don't make a lot of money, they may not be in favor of the tax burden and universal health care. And the connection for that is moderately strong. And it could be positive or negative, like I mentioned before, depending on the person and how they feel about it."
14,How would you describe the relationship between Affordability and Support for universal healthcare? Is it a strong or weak connection? Does it have a positive effect (increasing it) or a negative effect (decreasing it)? How strong is this effect?,"For the relationship between affordability and support for universal health care, I think it's a strong connection. If people see it as being affordable, they'll definitely support it and that would be a positive thing. And it would have a strong effect."
15,How would you describe the relationship between Smooth operations and Support for universal healthcare? Is it a strong or weak connection? Does it have a positive effect (increasing it) or a negative effect (decreasing it)? How strong is this effect?,"I think it's somewhere in the middle between being a strong and weak connection. People definitely want to see things go smoothly, and if they are going smoothly, then they'll support it, and it'll be a positive thing."
16,How would you describe the relationship between Fear of Uncertainty and Support for universal healthcare? Is it a strong or weak connection? Does it have a positive effect (increasing it) or a negative effect (decreasing it)? How strong is this effect?,I think that would be a weak connection. I don't think fear would really determine a lot overall. I think people would take a chance and see if it would work out and that would be positive and it would be somewhat strong.
17,"Is the effect of Adequate Care on Support for universal healthcare immediate, or does it take time to develop? Does it have a positive effect (increasing it) or a negative effect (decreasing it)? How strong is this effect?","I think with that it would take some time to develop and the reason being is people would need the proper training and training takes time, but after people see that everyone is properly trained then there'll be a lot of support and the support will be negative. I mean it'll be positive, I'm sorry, I meant to say it'll be positive, not negative."
18,How confident are you that changes in Serious consideration lead to changes in Support for universal healthcare? Does it have a positive effect (increasing it) or a negative effect (decreasing it)? How strong is this effect?,"I'm 100% confident that changes in serious consideration would lead to changes in the support for the universal health care. It would be positive, especially if the changes are positive for the serious consideration. And it would be a strong effect."
19,"Does Fair Treatment have a positive or negative effect on Support for universal healthcare, and how significant is this effect? Does it have a positive effect (increasing it) or a negative effect (decreasing it)? How strong is this effect?","A fair treatment definitely has a positive effect on the support for universal health care, and it would be very significant in a positive way, and it would be strong."
20,How would you describe the relationship between Positive effect on support and Support for universal healthcare? Is it a strong or weak connection? Does it have a positive effect (increasing it) or a negative effect (decreasing it)? How strong is this effect?,Something like that would be positive and it would be a strong connection.
21,How would you describe the relationship between Positive personal experience and Support for universal healthcare? Is it a strong or weak connection? Does it have a positive effect (increasing it) or a negative effect (decreasing it)? How strong is this effect?,"And that would have a strong connection. People really care about their personal experiences, and so if they're positive experiences, then they would have a strong support for that. And it would be positive."
22,"What do you think are the main causes of Universal healthcare, and how certain are you about these relationships? Please also indicate if these influences are positive (increasing) or negative (decreasing).",affordability for health care and I am very certain about that. It would be positive.
23,"Does Positive effect have a positive or negative effect on Support for universal healthcare, and how significant is this effect? Does it have a positive effect (increasing it) or a negative effect (decreasing it)? How strong is this effect?",it has a positive effect on the support for it with it being very significant and strong
24,"Does Time required for development have a positive or negative effect on Support for universal healthcare, and how significant is this effect? Does it have a positive effect (increasing it) or a negative effect (decreasing it)? How strong is this effect?","it depends on how long it would take/how much time is being taken up for it. if it is a long time, people might not support it"
25,"Does Strength of effect have a positive or negative effect on Support for universal healthcare, and how significant is this effect? Does it have a positive effect (increasing it) or a negative effect (decreasing it)? How strong is this effect?","It depends on if the strength of effect is positive or negative. It's hard to say without knowing what the effect is, so it could go either way."
26,"Is the effect of Confidence in relationship on Support for universal healthcare immediate, or does it take time to develop? Does it have a positive effect (increasing it) or a negative effect (decreasing it)? How strong is this effect?","I think it would take time to develop it because people need time to develop confidence in something. But once the confidence is there, it'll be positive and it'll be strong."